id,x1,x2,label
0,-1.340746964033268,0.5228479046484251,0
1,-0.2783346330659026,0.9401696253106107,0
2,-1.559504720371543,0.3042772108142226,0
3,-1.0934108086329015,0.6311257139230655,0
4,0.483070751759789,0.0996531141618563,0
5,-1.628008925652499,-0.1134425493711598,0
6,-1.1906201720611644,0.4438977646626588,0
7,-1.3955990262683202,0.512606675539383,0
8,0.43619687979491806,0.19855830122605478,0
9,-0.3671218738532741,0.645593745873247,0
10,-0.17020394454475957,0.5673863951520897,0
11,-1.615920533171604,0.06137316709557977,0
12,-0.8613182133703072,0.5442469228773414,0
13,-1.2893311678996713,0.291370996589202,0
14,-0.3315605097670564,0.7375138241814372,0
15,0.1668348418581268,0.3776909639567873,0
16,-0.6610859615023796,0.7301430045151365,0
17,0.5886725343290071,0.021237805037307156,0
18,-1.1918064771266215,0.21611305321235746,0
19,-0.9585899127249903,0.8447172017170173,0
20,-1.3344320744434701,0.5930709501675206,0
21,-0.07266584756997141,0.6690194363304813,0
22,-1.3697377486507034,-0.11970947863842284,0
23,-1.4995016144741444,0.14881062056600713,0
24,-1.1581239433762773,0.350100826982449,0
25,0.290445142853786,0.3541948799848839,0
26,-0.37622410889768243,0.9795858906847796,0
27,0.6871569258973531,-0.03559193644818914,0
28,0.49228116427095614,0.32255335049805595,0
29,-1.0127494577447533,0.5911113711223437,0
30,-1.258607755445977,0.5839938218570928,0
31,-1.591705689823202,-0.08817970132906568,0
32,0.007184985625772189,0.6324882860957897,0
33,-0.07502813170228606,0.7859562966097828,0
34,-0.42309148367079447,0.6016652643694758,0
35,0.24394375425487236,0.3037795325208829,0
36,0.44501850936795384,0.2086693765451228,0
37,-0.433046416059584,0.6755102860641733,0
38,0.1649969240453153,0.3748952820396913,0
39,-1.0818362013106353,0.7851446935778523,0
40,-0.2653163754054738,0.9731282958372713,0
41,-1.4009138841951032,0.3226181356279659,0
42,-1.173844664643203,0.7258451018595173,0
43,0.16530636988195424,0.7947988568828948,0
44,-1.2501687325705806,0.23649007265740718,0
45,-1.3171497780312427,0.375206685346208,0
46,-0.1618648002434528,0.7163638793400446,0
47,0.01774749315091051,0.46028551419283453,0
48,-1.1050617919436534,0.7371042450900169,0
49,0.3992656687840028,0.22230851140432206,0
50,0.315418114539055,0.39207672292861967,0
51,0.3718552587545926,-0.1798310428491062,0
52,-1.194685024090686,0.34968540010520327,0
53,-1.0785293816300014,0.8153751288640965,0
54,-0.9938997719470739,0.4571014278253028,0
55,-1.201722103807495,0.37781304673998867,0
56,-0.37969419466890797,0.726916381048075,0
57,-0.7177003199285168,0.7923530645008816,0
58,0.45321780296720204,0.2478079482526156,0
59,0.452034067640006,0.15813840164572907,0
60,-0.9244699361608673,0.52602860889988,0
61,-0.41714212239709136,0.7099827115740782,0
62,-0.7333645672037724,0.9226805808349181,0
63,-1.2931878651568822,0.5217506293385787,0
64,-0.9422158866269393,0.781715004327717,0
65,-0.681689003319126,0.8691827301046284,0
66,-0.7067892467470906,0.8988906327116426,0
67,-0.021349005180890224,0.47629875834266805,0
68,0.4615434469812343,-0.10661420068588415,0
69,-0.29554845858069995,0.8148012196586163,0
70,0.24557402416417173,0.39572188236584344,0
71,-0.1749124618978063,0.8999550859923344,0
72,-1.4074055972082269,0.2501922800593281,0
73,0.331059840813163,0.5511601776952126,0
74,0.6303837640291119,0.009391880273119185,0
75,0.1478156510398132,0.5900430802118717,0
76,0.20629344965254492,0.7320897800507138,0
77,-1.013038999476687,0.7200489864379744,0
78,-0.7047701015932684,0.9306142775325545,0
79,-1.2434221406875725,0.399830106954233,0
80,-1.0031300531331269,0.6865177474024111,0
81,-0.20083613333797007,0.7877397499784471,0
82,-1.2097243428919415,0.26933477372069775,0
83,0.3475447667269611,0.29041806018434263,0
84,0.6691396250145423,-0.11643759659873412,0
85,0.5273642487350385,0.09864442521648376,0
86,-1.0687156885398625,0.47717629282056523,0
87,-0.38595535344336374,0.7476699462784793,0
88,0.27877425693729374,0.2321956321643313,0
89,-0.5026662281990966,0.612312376285163,0
90,0.5435376677642034,0.34129243737601594,0
91,-1.0779791493163189,0.6151723532855378,0
92,-0.3415341754095632,0.7278559372949562,0
93,-0.11378270140302088,0.7846918053434999,0
94,-0.0307208689266939,0.4524022242248224,0
95,-0.8695736404214087,0.6519583379404879,0
96,-0.03876832245048556,0.7948327056264157,0
97,0.5306412091961363,0.0911949799741335,0
98,0.6128102411058187,0.2325484080701699,0
99,-1.558339464915772,-0.07270606955462217,0
100,-1.4695344307391207,0.08636984218586158,0
101,-1.1561071765167386,0.7048035275519429,0
102,0.2832659090299967,0.6655384528272879,0
103,-1.5978090149983768,-0.0933598388833972,0
104,-1.4121405425925926,0.5606369760920082,0
105,-1.2085933651995147,0.673784629863543,0
106,-0.3170703106930216,0.9401657245241122,0
107,0.060990330786196645,0.44542474829472073,0
108,0.5568380705935554,0.13018796910111918,0
109,-1.4497632279746209,0.10003461535150121,0
110,-0.35591540567561697,0.8303992777595479,0
111,0.36783873258422806,0.4404200666847395,0
112,0.18126754671831413,0.775564771377516,0
113,-0.7943083107143016,0.9580350095700016,0
114,0.2928285548695009,0.29194052381752733,0
115,-1.4972051775135922,0.2822702892470344,0
116,-1.3081866626705867,0.5660425240347917,0
117,-1.109216746878781,0.5389514492663738,0
118,-0.3179816231972737,0.6402173114126355,0
119,-0.819372062953726,0.5554859718308853,0
120,-0.7933453329753546,0.8843537327112962,0
121,-0.9607072629925749,0.705267149121968,0
122,0.6533592107611075,0.11336028234040119,0
123,-0.23701330726909853,0.7709875202088774,0
124,0.6824389342785921,-0.04452733371688766,0
125,-0.4814151239786864,0.7843350060515577,0
126,0.07520015517619383,0.771643196823433,0
127,0.2561002546189529,0.16900924489045066,0
128,0.48686754015118305,0.13235797915224506,0
129,-0.8077922717586312,0.8894547934789403,0
130,0.5099398653412268,0.39981897450018705,0
131,-1.60794778901061,0.06555257355267019,0
132,-0.706138140007328,0.5918861338571719,0
133,-0.05180510114468523,0.6586519700585689,0
134,-0.7321605801953381,0.590607515050575,0
135,0.3507048878298574,-0.1389506206908202,0
136,-1.577196717845272,-0.05896194131596513,0
137,-0.43886124855187103,0.8985757188836474,0
138,-1.3706614704186295,0.507760658789234,0
139,0.6155143404071879,0.09663613197054594,0
140,-0.45349945477623194,0.9087753938806094,0
141,-0.46696550895597255,0.931196709722393,0
142,-1.3084475617011626,-0.04005154630922969,0
143,-0.7032707250012472,0.6867407359034015,0
144,-0.41127492032918855,0.8628480977720219,0
145,0.26983186694707584,0.6566557887113342,0
146,-0.09503176052986229,0.49253218334759324,0
147,-0.56655522318538,0.8233639997380329,0
148,-0.2926433948361967,0.86716126137827,0
149,0.3127920981743689,-0.1447294251142803,0
150,-1.3379571574272182,0.30883420517807797,0
151,-1.603266660422441,0.17324332694272243,0
152,0.4814027384616666,0.2627514581550539,0
153,-0.6539282961969566,0.6980160189653521,0
154,0.583632337524834,0.18466330833079797,0
155,-0.9936302822424629,0.6214342841523222,0
156,0.22964603734253486,0.6889839127372237,0
157,-0.9502168612076342,0.6224717008988638,0
158,-1.189942776305188,0.5976435081731739,0
159,-1.2312618356991398,0.4502370197460243,0
160,0.3746731631306701,0.10790728848639147,0
161,-1.62137011669129,0.10294407260954691,0
162,0.16634960405449684,0.3882628245333955,0
163,0.3355331530547545,-0.1013408740410156,0
164,-0.6638923332832452,0.741637326112077,0
165,-0.06532761824020705,0.8125074017746847,0
166,-1.4756958811963106,0.37789517405631673,0
167,-1.4884313887323954,0.4797044106241773,0
168,0.008905350460421402,0.5861965338779405,0
169,-1.4722905158189792,-0.05506996945598486,0
170,0.028626271408457304,0.48557369231942754,0
171,-0.549591379692535,0.8475868645408924,0
172,0.3319189682532724,0.6636983617390646,0
173,-1.5737225470839653,0.018688591334913823,0
174,0.4183443906063725,0.32231585518008904,0
175,0.4669705773502,-0.0626567188521554,0
176,-0.26279946236038065,0.9471594977037496,0
177,-1.518301584168507,-0.17560408673181505,0
178,-1.3149958395709107,0.08857462142841943,0
179,-1.1797605783068423,0.48573196420996284,0
180,-1.284365765581986,0.0801850832239267,0
181,-1.3456160690487198,0.09413720253925018,0
182,-0.5478887402854508,0.6073671366570494,0
183,0.04729763623458738,0.6385041625252459,0
184,-1.3080388535726166,0.5033529861161385,0
185,-0.9650999394450197,0.6356530477604716,0
186,-0.1180314356770708,0.7112658410547945,0
187,0.6344641871008221,0.14692711981240653,0
188,-1.2799127827931853,0.5958055971754173,0
189,0.2031318120973321,0.5604544459549716,0
190,-1.413175894785637,-0.016308722929173458,0
191,0.34692899656335274,0.6001929228620986,0
192,0.34315104131329444,0.14230690182471478,0
193,-1.3183792974672324,0.2801348871831547,0
194,0.5363172227789867,0.34157036967508375,0
195,0.3720454511717608,0.3506090948383415,0
196,-0.841203909373169,0.8570876272868053,0
197,-1.4739486713593943,0.20499360598444416,0
198,0.37941508196064166,0.42400359039652463,0
199,0.026344123841872458,0.5761884413652345,0
200,-1.198512936726087,0.3875179371964978,0
201,-1.4439159623212214,-0.11623524720901685,0
202,-0.5020357472880438,0.6742706142835393,0
203,0.5410865886289951,0.30555930137767956,0
204,0.4300201330939488,-0.15925569193120234,0
205,0.2835938099498455,0.4893273943053425,0
206,0.5331307430088141,0.25411497218562923,0
207,-1.0961396506797927,0.7548176812292207,0
208,0.42332238996013405,0.1717321227250349,0
209,-0.5200925187093334,0.8102485523678298,0
210,-1.1867166416892962,0.7819275193083217,0
211,-0.7737982008884622,0.8510530561172738,0
212,0.4199463677229607,0.467390017162107,0
213,-1.4529854570158602,0.47369272973044413,0
214,-1.2057569931125482,0.678623318411369,0
215,-1.1056547049304022,0.4490961826713525,0
216,0.4566652142490467,0.21776578945131803,0
217,0.2860288932437042,0.12198432390058006,0
218,-1.5503213561460318,0.04323394104186851,0
219,-0.12524366386663682,0.924205155244427,0
220,0.09988026690158902,0.6308605880785101,0
221,-0.46438846538108647,0.7925269834600466,0
222,-0.9003738994068893,0.5130041667537804,0
223,-1.675003752542623,-0.03511883256681228,0
224,0.028401023510469692,0.4657285525326483,0
225,-1.2975025759927594,-0.008028866938826928,0
226,0.41200843713091184,-0.12862843839467697,0
227,-0.6435756923960307,0.619640389248667,0
228,-0.9094132712372769,0.7145900979478192,0
229,0.4698322301815062,0.13510548534283356,0
230,0.35320992815702434,0.20260250585056294,0
231,-0.292586394318184,0.5985912485358058,0
232,-1.3491781957394284,-0.10957496762450003,0
233,-0.7892791731577748,0.7294735404351738,0
234,-1.3114127996460831,-0.026702483480765954,0
235,-1.3944314441566785,0.4313035499597077,0
236,-0.4081844330337406,0.6928529189527881,0
237,-1.2323611721254428,0.3876260448533219,0
238,0.4758606939673773,-0.14525945093455073,0
239,0.4291244991988532,0.13168565154947331,0
240,-1.1885750953827434,0.20889228918932468,0
241,-1.1860066537075067,0.30897069450803066,0
242,0.3587817651806703,0.5698737109330818,0
243,-0.5772715184919267,0.5968786372086268,0
244,-0.8344552865109252,0.7667851601959947,0
245,-1.4292543192491634,0.20998538432795494,0
246,-0.8030367105646312,0.7025763573563615,0
247,-0.23080940399291316,0.7552999733793093,0
248,-0.06701682153687455,0.8377815170782512,0
249,-0.23559617967720292,0.9149231295343527,0
250,-0.9231052310905403,0.6180836131814527,0
251,-1.366692952188647,0.18319143962347506,0
252,-0.3681924961799823,0.7036664563650696,0
253,0.2203433288191855,0.5106308528811192,0
254,0.30185140414918743,0.5373201555572904,0
255,-1.1332471915285547,0.4493075502348131,0
256,-1.2974990618822795,0.31825075006291853,0
257,0.6127985554427764,0.18208254222849635,0
258,0.3059800317383321,-0.02896894926170898,0
259,-0.7935959666086522,0.7604254747677115,0
260,0.48573282795142225,0.28741894215993913,0
261,-1.2430109843737598,0.25639663270659224,0
262,-0.03792693881956932,0.4814599783815125,0
263,0.27935306404186155,0.17838221268895127,0
264,-1.6366724364321419,0.08815677517623022,0
265,0.19824840082783401,0.19982120528840303,0
266,0.056569104944166226,0.49346118223786045,0
267,0.22235902063536095,0.1784498059558729,0
268,0.2979586893060876,0.10292821626694587,0
269,0.5635374442180845,-0.1292360681653315,0
270,0.39907002842281836,-0.04193605413295132,0
271,0.39298778969063475,0.34584104628360074,0
272,0.5397929379645896,-0.023968888057059906,0
273,-0.8244433485613207,0.9019459061342987,0
274,-0.9314494896952473,0.47649423661344653,0
275,-0.12278938112012566,0.8864656996326004,0
276,0.07659103010774215,0.6960123063557062,0
277,-0.5124787998100063,0.6775186997661464,0
278,-1.5363795867014063,0.22926362852779553,0
279,-1.527241596719672,0.31881396993651573,0
280,0.4098214625683966,-0.0749572343027004,0
281,0.4871061223027723,0.4329742870247804,0
282,0.2372417419860161,0.47826289749060463,0
283,0.2506862946838092,0.5478032163882092,0
284,-0.7651670279182639,0.9650777116566558,0
285,-0.249325170707289,0.7308012638960208,0
286,0.6224409808452498,-0.024917958730075046,0
287,-0.13421993397076942,0.6723097142405439,0
288,-0.5843261923715648,0.9279449947020053,0
289,0.5050353445902072,0.13240200242260552,0
290,-1.2810828135801944,0.2505487704011284,0
291,0.4724035114588535,-0.03983668980106411,0
292,-1.4193370770937368,0.021196397284390933,0
293,0.29784159881961725,0.0567790833717734,0
294,-1.2183612191330024,0.18448013593097945,0
295,-1.4132587239583456,0.08834255225290455,0
296,-1.307794554849479,-0.14808395807150182,0
297,-1.2142838574797679,0.31204372568096445,0
298,-1.349954021516891,0.5054961502290136,0
299,-0.9754133341369101,0.7901793525779544,0
300,-1.3526066766454345,0.5098775698002673,0
301,0.3621588302526525,0.18782043308902757,0
302,-0.6314720599092182,0.9553054414990798,0
303,-0.5471674696906207,0.8549121613792035,0
304,-1.2759755274022324,0.1724017377377936,0
305,-0.39868414725271767,0.6629658319693303,0
306,-0.11396737963474385,0.8224750156153915,0
307,-0.8745457773613761,0.5987932209366984,0
308,0.1847786993824948,0.5595474271812482,0
309,0.5836793280683639,0.30897808858561676,0
310,-0.4443052964033314,0.6000651122114693,0
311,-0.2913564466575377,0.5808531930950125,0
312,0.3919785318261684,0.599275899990509,0
313,-0.07447276020334409,0.7626201927543239,0
314,-0.14907329427966737,0.5863704137536494,0
315,0.10104099756935081,0.7982942847898684,0
316,-0.07136677487198778,0.8773011642147766,0
317,-1.0696541241506656,0.662817772955123,0
318,0.13531251638188269,0.6566280583877262,0
319,-1.4146459103640168,-0.05176838442801701,0
320,-1.2965521861996887,0.014290391194053953,0
321,-0.43669318334743756,0.8543464013681701,0
322,-0.01947577098591524,0.6030570464746758,0
323,-0.6202102995566373,0.8753819420135271,0
324,-1.517053359698717,0.32402156921221553,0
325,-0.8731387645738982,0.5178411366756273,0
326,-1.3633593550415548,0.40924678399710285,0
327,-0.593209802015457,0.7035133449804276,0
328,-0.9692944443868571,0.8577681800804335,0
329,0.06691199638787293,0.5221789207675471,0
330,-1.2147201257090736,0.5859969774081453,0
331,0.3372124892746078,0.41798699005262546,0
332,-1.061979487076309,0.6006948583279699,0
333,-1.4848098217766852,0.2607018838815495,0
334,0.5110281143090263,0.2454636459343021,0
335,-0.8677322145805533,0.7789398626142423,0
336,0.567114947882297,0.12863882569466106,0
337,-1.2777794667708195,0.7065278605007401,0
338,0.453041941752264,0.059092584960894645,0
339,-1.504810354894672,0.004994127244825869,0
340,0.23225246000300082,0.13731622725941367,0
341,-1.6205506058891597,-0.05443494688030506,0
342,-1.3331080963359843,0.4017598802314987,0
343,-0.7851607151162845,0.7407722948954341,0
344,-1.1560673838828501,0.33369762813472353,0
345,-1.429994878057101,0.4977353825970671,0
346,-1.46373344246562,-0.03500410942750512,0
347,0.2618574401650019,0.5782278069001436,0
348,-0.7433382145102718,0.6368308302479502,0
349,0.6345813272438836,0.14923475700785155,0
350,-0.8157598081616402,0.6264678777830321,0
351,0.26784180366876986,0.2583149123237022,0
352,-0.7334431695685643,0.9281358850014274,0
353,-0.7640510687939901,0.9403259307681713,0
354,-0.40402493706597015,0.6947104075137664,0
355,-0.5716003817747993,0.805342775310772,0
356,-1.3166955246945427,0.5482007374990816,0
357,-1.4358265766824534,0.4833163289600518,0
358,-0.4760608234226998,0.7709114644779127,0
359,-0.8159457744295773,0.7766237029171668,0
360,-1.5847598477385179,0.03805293770524182,0
361,0.5293763139924725,0.2065626464808431,0
362,0.5500317483937243,0.20472389524969536,0
363,0.5073834207871484,0.08482573345188488,0
364,-0.9048149636927886,0.5482091436317966,0
365,-0.2046999710084314,0.9295913090936965,0
366,-1.3761527546125385,0.5515413375468332,0
367,-1.0793328626362548,0.7710053464962736,0
368,-0.07647127958693767,0.5351961675048762,0
369,-1.3510863836541713,0.08137139375495922,0
370,-1.3160932976031077,0.5542360517062326,0
371,0.03562263046497549,0.40960681869491716,0
372,-0.00628232602632145,0.8861043068563186,0
373,0.034209099794796805,0.6101459016627668,0
374,0.4700636606238461,0.32385734822537543,0
375,0.538926078637544,0.32027826585131375,0
376,-1.4579854803412582,-0.00514690155043801,0
377,-0.3165824558974193,0.7282585821823091,0
378,-0.11951479835798212,0.7910721035575721,0
379,-1.1943198812392635,0.5891206507970346,0
380,-0.662983693703544,0.7699217997790271,0
381,-1.5377310969612512,0.011030744427832306,0
382,-1.408578671004152,0.5501932379390828,0
383,-0.4347775384409227,0.8049170293160783,0
384,-0.1618021250657718,0.6264477853987371,0
385,-1.4695899281995133,-0.159254970358753,0
386,-1.1176955593728124,0.5574548052561308,0
387,-1.3529432531036385,-0.06818664177725234,0
388,0.3175679382113119,0.11918625730527399,0
389,-1.4718411748788696,0.29312715350607094,0
390,-0.8985618948914886,0.6676004952209447,0
391,0.59901163391975,0.24282292397039207,0
392,-0.7501130116109525,0.6788178865440699,0
393,-0.9680213901828337,0.5071743649307332,0
394,0.6139784755333657,-0.1569232493267541,0
395,-0.33414177536142653,0.9477455688670886,0
396,-1.2924585414984069,0.28425215074732296,0
397,0.036784638857564,0.5166119820397486,0
398,-0.38468169520135537,0.6805195037449407,0
399,-0.3146458806100912,0.8115600286282576,0
400,0.08715399127351886,0.6185252003017336,0
401,-1.3905712779387318,0.033312388857088926,0
402,-1.1357004193201172,0.3215586932146452,0
403,0.45202324817183803,0.14473875210275905,0
404,-1.6863151914196806,-0.18894808996720894,0
405,-1.501268982775431,0.1993441933144693,0
406,0.13924279149356555,0.5923218404325408,0
407,-1.2439300953895625,0.21847541432845208,0
408,0.3667728239560686,0.10108786772451,0
409,-1.435848401962614,-0.19736785189327852,0
410,-1.0564371868744946,0.7706804310116622,0
411,-1.026205563493653,0.8317346280706213,0
412,0.6199741419163565,0.1270648319398947,0
413,-1.632874800360183,0.17980201856951572,0
414,0.6891556095468678,-0.0913616883100483,0
415,0.3611543020804211,0.61290379149243,0
416,0.25224691657336495,0.16274273102044717,0
417,-1.1617481515505785,0.3588597432823703,0
418,0.26356936428317246,0.3482107688736316,0
419,-1.4996170938461288,0.0882434195991112,0
420,-0.8993659460143097,0.5470536474233152,0
421,0.6400512501175211,-0.06992035767580082,0
422,0.5644600366804211,-0.18184033116590864,0
423,0.5226707219769728,-0.032560111523983165,0
424,-0.7870664637062394,0.6305672182966453,0
425,-1.2451285647386305,0.3360856289164133,0
426,0.14166118473792844,0.3970934131160086,0
427,-1.5233170391434498,0.32380221805040327,0
428,0.5353584515352692,-0.011810826869704527,0
429,-1.3985195798578085,0.44866486464726435,0
430,-1.4124020953480096,0.010591326346983926,0
431,-1.2303232057428286,0.43531891584002097,0
432,-1.072374205006379,0.5976664346608442,0
433,-1.4755265753805173,0.34438945445479335,0
434,0.6126428354937485,-0.058903186555877285,0
435,0.2231030031488468,0.33157583546314856,0
436,0.5906114208518434,0.25143971258408687,0
437,-0.5122157984793478,0.6581229773304413,0
438,-1.3111348940020227,0.636036990611798,0
439,-0.8370942072215403,0.5788992309519434,0
440,-1.3237391452212086,0.21603565899004568,0
441,0.5139257383402702,0.33771500442660446,0
442,-1.0949764407959144,0.45543626141272936,0
443,0.30960949341329913,0.3615931028983857,0
444,0.15948483885708542,0.5516429919003736,0
445,-1.0602526007667503,0.5227200023194736,0
446,-1.597054963011618,-0.13168770827759982,0
447,-0.8945772610215901,0.8795260555477402,0
448,0.6405128386463692,-0.0027930610570249537,0
449,-0.8411331434717517,0.6916758912375784,0
450,0.5227142723296037,-0.06312110241684157,0
451,-1.3558258749737329,0.12601716951406922,0
452,-1.0593873994741014,0.5231341082743355,0
453,0.25038623205515764,0.2537882248622174,0
454,0.6311937229788,0.13528490830840184,0
455,0.47419061922467587,0.433516929765185,0
456,-1.6211267939938734,-0.12956078896542866,0
457,-0.36671466738150205,0.8180197626465606,0
458,-1.291168106827215,0.43760439078549157,0
459,-0.9285929368733131,0.7381389169031987,0
460,-0.7332143957162764,0.8074053089458897,0
461,0.39228625322141564,0.23757937573683718,0
462,-1.3509849489536454,-0.054300024131726715,0
463,0.0028723672585749815,0.49831974377256844,0
464,-0.787293850815169,0.9485913180763372,0
465,-1.0946916429390323,0.6197356021837497,0
466,-1.0351168533904103,0.8565104699631223,0
467,-1.3627413376219126,-0.03709239880705062,0
468,0.42978091310652466,0.26801783647073146,0
469,-0.5235582623084387,0.6975627058641853,0
470,-0.2274390524831355,0.6765034026117585,0
471,-0.4339432539279277,0.6122069744266623,0
472,0.297978971547473,0.1136753250738835,0
473,0.5694911546995636,0.27923626336364665,0
474,0.1081824528844163,0.526182137751515,0
475,0.11109812326786583,0.6677917107636864,0
476,-0.27408828552012365,0.7802934269147075,0
477,-0.8348154343972973,0.7210101091114971,0
478,-0.923683027842977,0.7412765613753811,0
479,-0.25691920829911397,0.6548116075477355,0
480,-0.16188316256409857,0.9474145384550456,0
481,0.3820885023300229,0.5187253780271486,0
482,-0.8041508785950118,0.8680748799756948,0
483,0.047716838211615875,0.6455848288318757,0
484,0.36750240969473214,-0.10130214351414739,0
485,-0.20251448688751317,0.9349163211915912,0
486,-0.4224316159591198,0.7524141954541987,0
487,0.12608753832603825,0.3367492395061112,0
488,-0.7157413888429336,0.7313316243898438,0
489,-0.7317111136378758,0.905384812729668,0
490,-1.1324946502642912,0.6591376568266687,0
491,-0.9992723220540343,0.7956897188515408,0
492,-1.0202838969852555,0.8021042728317938,0
493,-0.008884646943446206,0.5539027781196795,0
494,-1.422058282890394,0.5272105443595838,0
495,-0.6530384366962039,0.7833467949964956,0
496,-0.27061187564879613,0.8481373993031489,0
497,-0.8089409699335179,0.5391904322743435,0
498,0.0077538992901440285,0.8848413600543614,0
499,-0.5372061414202776,0.7291570436755772,0
500,1.3894141694409692,-0.18167039763514076,1
501,1.3787721245091968,-0.2558782372486073,1
502,0.04151645696348555,-0.8389856638637188,1
503,0.8373526243055676,-0.7647813527780996,1
504,-0.575473279478826,-0.06947300350804231,1
505,1.040148014617892,-0.6461723783409756,1
506,-0.08790412745952803,-0.48320191039414667,1
507,0.6355383308794795,-0.9035363315664844,1
508,0.08431899832983808,-0.5563950291998612,1
509,0.2246162778210885,-0.6503121405601209,1
510,0.5912379810338221,-0.8644884297371385,1
511,-0.5989075043771757,0.026166352574699986,1
512,1.0522191768420708,-0.8250874549140272,1
513,1.286399241002182,-0.28953593502817093,1
514,0.046958504640261856,-0.5234174523486808,1
515,-0.5492408889098441,-0.351299269596635,1
516,1.3668290789956543,0.08979193212264446,1
517,0.6407740549008415,-0.682222336642236,1
518,-0.38158569927852815,-0.10962916153741276,1
519,-0.2283421593048912,-0.5300895713541718,1
520,-0.6599003873647888,0.1701412622792743,1
521,0.38990981870366304,-0.9118979135541325,1
522,-0.02915482512382994,-0.7625597197692604,1
523,1.0135822841890563,-0.5185942468820317,1
524,-0.4493225100628182,0.042098520878333434,1
525,0.9122930061340897,-0.7234383671703584,1
526,-0.09298947886889197,-0.43741998771553176,1
527,0.7776528731831864,-0.684111216824252,1
528,0.31827361002509813,-0.7239275308967503,1
529,-0.04855357626814194,-0.4640104913528575,1
530,0.4708326748393569,-0.8389133845848651,1
531,-0.5508643875856845,-0.11576351297057502,1
532,0.709239330024728,-0.6075668442626232,1
533,0.048709718989856876,-0.7062204829269232,1
534,1.0346716812609615,-0.7898965347306823,1
535,0.8166531356879148,-0.8668284280150058,1
536,0.7128182282479667,-0.9165871567864283,1
537,1.422256617216369,-0.18475347761535,1
538,1.59166924536439,-0.12357985851630499,1
539,0.041722484541043214,-0.5890400343431133,1
540,0.047688212065716384,-0.6509186186878884,1
541,0.06716934540615849,-0.5705466147989411,1
542,1.5050286263450794,0.13750926652870601,1
543,1.0061931810522131,-0.6351146516428723,1
544,1.2419389881327154,-0.33128921598320854,1
545,-0.35436095240301513,-0.5151866402510874,1
546,-0.3549229789122823,-0.20023008109969265,1
547,1.161869791206473,-0.44820663650179343,1
548,0.06574307708003535,-0.5457433805113392,1
549,1.4144314578146795,-0.1935383976189355,1
550,1.109714365202802,-0.5145768649593867,1
551,1.3768546673345252,-0.20809823014371676,1
552,1.0725060908211377,-0.5078379659704197,1
553,-0.08350431673867709,-0.7539638904084629,1
554,-0.630060964357088,-0.12705488028785333,1
555,1.3196100271737272,-0.4054625385499853,1
556,0.35837891930358484,-0.8650550258907028,1
557,-0.18289560152618478,-0.7313385091906996,1
558,-0.686513614521814,0.023225702034184226,1
559,0.13959700376582773,-0.8004613276330559,1
560,1.308842994716235,-0.6352224752306221,1
561,0.050967718202947876,-0.8794705216672878,1
562,1.1031264359196344,-0.7536245029050883,1
563,-0.5015399770653399,0.12474850700187745,1
564,0.7602620605866925,-0.5982398512717142,1
565,0.055557254312413984,-0.4746221832683735,1
566,1.5081316533839726,0.1263041651676477,1
567,0.8142600440849442,-0.7678286271439914,1
568,-0.40811311643406945,-0.17579313198990237,1
569,0.14490921417946295,-0.7840957346002702,1
570,0.6822186661720357,-0.823975839725736,1
571,-0.6211467041114684,-0.028736749749893903,1
572,-0.2644570516196284,-0.1775329109347088,1
573,0.9799196887511095,-0.5679968914217521,1
574,0.34252308623633787,-0.9178573275687629,1
575,0.5366981497230234,-0.9475725421888719,1
576,0.016510297846120292,-0.8964018783310466,1
577,1.0759807337286014,-0.8032825162849844,1
578,1.3369985462607743,-0.6070642100943493,1
579,-0.4088704717292543,-0.05579839663799069,1
580,-0.45256817462135246,-0.032256711218526024,1
581,-0.3146400371897512,-0.23684058152136195,1
582,-0.5581932629933024,0.1274290918496956,1
583,-0.3207546822394203,-0.6469982496721576,1
584,-0.20710061755111464,-0.4447646282699809,1
585,-0.2653069136152104,-0.5070408428640603,1
586,0.5570192735219918,-0.7347665520384286,1
587,0.6201286534625559,-0.6725875804957571,1
588,1.1500035647512439,-0.4112640915885704,1
589,0.1359479151569168,-0.5441924180962263,1
590,1.2270498128208502,-0.733184541280326,1
591,1.1764282609496033,-0.5104565395538274,1
592,0.1949657809897476,-0.9019305054469144,1
593,0.8037693025723787,-0.8453649070857714,1
594,1.188413733866632,-0.36535250963683735,1
595,-0.239944988873812,-0.28254658915363257,1
596,-0.5283869411782041,-0.28167505688230626,1
597,1.2977650137804313,-0.2640477898703301,1
598,1.6704127201377994,0.17239182184175206,1
599,0.9269874045078683,-0.5548020138706748,1
600,-0.37459949548851446,-0.4459431972354932,1
601,-0.4944777256709537,-0.3500846789077791,1
602,1.3254675677840686,-0.18315584984333744,1
603,-0.20430859091968212,-0.4040821959981809,1
604,1.610482464680179,-0.2224260935941294,1
605,0.8124383111040672,-0.66836650443886,1
606,-0.4919409577395454,0.19566683963005066,1
607,1.3167057825123618,-0.36480451432753574,1
608,1.3125483573718397,-0.22684068090573556,1
609,0.7696457925257215,-0.8899192702777798,1
610,0.08828069631941682,-0.8430564172469772,1
611,-0.4494121474400219,-0.0031526167007317474,1
612,-0.64164685913992,0.13112996384099768,1
613,1.3787955759520185,0.004607361432519358,1
614,1.227941258216601,-0.1369660889765839,1
615,-0.32905180833884917,-0.4400054599256767,1
616,1.2904814318959141,-0.7002229300510445,1
617,-0.2660794806410729,-0.08989252698579836,1
618,0.058875224150625904,-0.5821811753670678,1
619,1.464436197562759,-0.15354566157761668,1
620,-0.4813984173706559,-0.36992081514739256,1
621,1.2171870358383137,-0.24370751592180195,1
622,0.7327660757800052,-0.7497408472699763,1
623,0.3184281381490216,-0.89758475731393,1
624,0.4976698338620717,-0.7681059534218653,1
625,0.008975134045055122,-0.5415953865784493,1
626,0.08815707117149779,-0.5916956889431895,1
627,-0.48358227596016834,0.17540455430347776,1
628,-0.5116967351505948,0.19816262950381025,1
629,0.4404054364072892,-0.9514773216364296,1
630,1.5264689730745091,-0.11648599047944824,1
631,-0.21654328843149595,-0.6239461629355278,1
632,-0.6911075205903094,0.11252079320243623,1
633,1.0319490123816806,-0.6285559730440264,1
634,0.6192747158176479,-0.7738876037643778,1
635,0.7749048489772032,-0.9415362009982298,1
636,1.402804745294051,0.05288079160561507,1
637,-0.06990130533128924,-0.7481902231219146,1
638,0.9958409663832006,-0.7988995177847875,1
639,-0.1654845711904439,-0.3247482095861077,1
640,-0.370392125269004,-0.3069543103915517,1
641,-0.25725019432023144,-0.27646838327344975,1
642,0.7297975840908936,-0.6576090534666581,1
643,1.0346535052339345,-0.6515915204552991,1
644,-0.1576801391402025,-0.4625712041637305,1
645,-0.4170611849015191,-0.460187201669132,1
646,0.532097577920948,-0.9683551080917114,1
647,-0.5689937318495251,-0.1734017748981896,1
648,1.3307030875769281,-0.20343162789683572,1
649,-0.3608900169874224,-0.14376720844531155,1
650,1.3770344032523214,-0.07311780536211548,1
651,1.2662243706380945,-0.2011616764912184,1
652,0.3746699711740106,-0.9744492659785036,1
653,1.4586533587325385,-0.006450905341871038,1
654,1.3929705314217067,0.0504834134648148,1
655,1.6477514285503074,0.19812952751335872,1
656,0.694654543380793,-0.7599301281173789,1
657,-0.12090521978820223,-0.3315732846254574,1
658,1.3719929171153704,0.10417928877151926,1
659,0.006084450285457177,-0.7526004944545837,1
660,-0.45600936582280027,-0.39360787713478534,1
661,1.2769284939680392,-0.2529123823119931,1
662,1.5495783574406155,-0.32182539513248437,1
663,-0.5411092291123094,-0.286712717215099,1
664,-0.47557611242272435,-0.4057688107843031,1
665,0.3893499533713659,-0.6999363780959476,1
666,-0.195356911112466,-0.2437426698979671,1
667,1.6062718755806287,-0.13181526318930042,1
668,0.8061105655262211,-0.6893461107263421,1
669,-0.2239431763859313,-0.581690080724496,1
670,1.271220522240887,-0.608203200337067,1
671,-0.11380012703885611,-0.40488346882352505,1
672,0.4852375859919023,-0.9244788814148055,1
673,-0.3346057626474158,-0.633212090721551,1
674,0.6224456580052272,-0.8989572482279709,1
675,0.9017634457833951,-0.7119014927154685,1
676,1.39425776878296,-0.5359657288031041,1
677,1.3174737352282795,-0.42745740594081133,1
678,-0.2897444259665385,-0.5823812906174239,1
679,1.560070013660438,-0.2155193391706841,1
680,1.572949695554374,-0.09708793339511573,1
681,1.293435519725219,-0.2906566792339577,1
682,1.230138289550324,-0.24852335374782036,1
683,-0.27426117593647636,-0.2808226855371041,1
684,0.8200368678589551,-0.7694722032092063,1
685,-0.5214057645647976,0.1691487123724464,1
686,1.4555115831567735,-0.23944634929063469,1
687,0.04642979838137862,-0.6662306518716339,1
688,0.680699292538393,-0.9121424687674446,1
689,0.8864436295926021,-0.9050720887910715,1
690,-0.34552064409857597,-0.14996411699873774,1
691,-0.6054443873745734,0.11508074079712868,1
692,-0.5017789335753298,-0.2228669415793939,1
693,1.346715860256246,-0.3844182161893804,1
694,1.1837811994751917,-0.36856614245274605,1
695,-0.03197799334654705,-0.7965867857146958,1
696,1.2300966441677867,-0.7356601512718186,1
697,-0.24189014478408155,-0.6167423576986475,1
698,0.25715138483346334,-0.946870763169191,1
699,0.3097369848149879,-0.9794694557346992,1
700,-0.324091059864958,-0.29245757628656804,1
701,-0.15885266897802863,-0.6464585063200665,1
702,1.5060107047561089,0.11580586702994274,1
703,1.6811316714431979,0.014983859611163608,1
704,0.2347596504666178,-0.6029282758662751,1
705,0.5427076351998077,-0.7839085269136659,1
706,1.292058327282312,-0.6444375890523435,1
707,0.7354005863804938,-0.7010147681103411,1
708,-0.3164990732029702,-0.5768935216423092,1
709,-0.33196116581527035,-0.3040507403025025,1
710,0.2718942035538038,-0.9713029401225683,1
711,0.9089568397898167,-0.8860838698406732,1
712,1.1191950330976295,-0.5054458144445382,1
713,0.42288508363896293,-0.9181269071554061,1
714,1.0242130570014694,-0.5966717680047344,1
715,0.28785645045408437,-0.8392715653564702,1
716,-0.06916488498374385,-0.7180609720579976,1
717,1.6172719028805023,-0.035329178603813405,1
718,1.3121288414782684,0.19727648301311526,1
719,1.2098444399230313,-0.35879082314601235,1
720,-0.5399456455462299,-0.15783697793869506,1
721,0.036718055992541354,-0.7360493736616138,1
722,1.3730947781334257,-0.32363114017126454,1
723,-0.27847639882366393,-0.07953973213288346,1
724,0.5903299096366541,-0.754180912717394,1
725,0.586607260457535,-0.9509037179384554,1
726,-0.29864079775117525,0.03602699674582946,1
727,1.4613052020092625,0.01822734836675477,1
728,1.4217228724341222,-0.5392872084436529,1
729,0.2803642576627343,-0.5952765106074553,1
730,1.409986874746397,-0.44162955716284963,1
731,0.008284191760552728,-0.577370990501354,1
732,1.4032028786297484,-0.5193828089118298,1
733,1.5586140519482339,-0.14086752879268793,1
734,1.4242888538772807,-0.5030321836764751,1
735,0.7166908484744704,-0.6750913715335256,1
736,1.377994948889631,-0.3423643365664614,1
737,1.524880533591448,-0.26155806430518524,1
738,-0.3279323292143206,-0.18870020920721753,1
739,0.9856128630020795,-0.5673181813958907,1
740,0.8446065293229376,-0.5368799405236022,1
741,1.6682558034093047,-0.0049161120576942385,1
742,0.9761745917477895,-0.7905913699490443,1
743,1.221718452037456,-0.5921936374377199,1
744,0.12193576583691468,-0.8451139712981892,1
745,1.3246172680252075,-0.4207227208915382,1
746,-0.4488953531810723,-0.1471378192932834,1
747,-0.47550518458297086,-0.01912422903586139,1
748,1.5211125492564455,-0.1311805118570783,1
749,1.3446407524599622,-0.09632748707768496,1
750,1.5866458240999293,-0.21188324678005677,1
751,0.08341690340984415,-0.8563429464954879,1
752,1.3894403038617238,-0.15853428710235112,1
753,-0.43926328610965104,-0.26975729565012513,1
754,-0.1217009686748467,-0.40523528111699575,1
755,-0.5049971270935545,-0.43863743460635035,1
756,0.4045476963574728,-0.9632725423706869,1
757,-0.6736131829275342,0.18774838549159426,1
758,1.4425485828102689,0.0683466399778758,1
759,0.7687642427498567,-0.6384948107921604,1
760,0.9726395700589423,-0.5655256805539228,1
761,-0.3328437453357478,0.0644551414062629,1
762,0.294840258538813,-0.6330654143371255,1
763,-0.18485755068286924,-0.27750786655356535,1
764,1.529312886941336,-0.4102240868241695,1
765,-0.3343263396090894,0.1439134086455827,1
766,0.5036915720177454,-0.6637245145630457,1
767,0.5226806370745584,-0.9407406651708712,1
768,-0.5464127938456846,0.10401855246755601,1
769,0.9107404207576965,-0.8444261919404628,1
770,0.8385253635237895,-0.8149532917672666,1
771,0.19476074110644637,-0.9191823136081416,1
772,1.4871013565974827,-0.2200058737865484,1
773,1.0481038632456086,-0.6702196443529413,1
774,1.403585188171863,-0.4274819222300021,1
775,1.4468293592622474,-0.11847820313599111,1
776,-0.3741012214477585,-0.19089399200719942,1
777,0.22107843803553112,-0.767638736425672,1
778,0.8783370334033715,-0.5953819040149106,1
779,0.819838080299429,-0.8839561735755412,1
780,0.6966557248811549,-0.6999386373193583,1
781,0.14521841761676835,-0.5980947724871328,1
782,-0.3908158827011353,-0.008635702970461345,1
783,-0.6206860683038995,-0.0402474926556767,1
784,0.8179000620514196,-0.6961587956528066,1
785,1.0572009488640823,-0.7372123549066596,1
786,0.6763393142761439,-0.9375553396495533,1
787,0.32251335805081693,-0.6189592330938314,1
788,0.6338977011953173,-0.910896453211119,1
789,0.04973712333996522,-0.626677515724877,1
790,0.3466267261456686,-0.6886925960164396,1
791,1.0827203749769423,-0.7227990716017811,1
792,1.0448908466269555,-0.8348580885555019,1
793,0.8483925380176556,-0.6686990309788154,1
794,1.5005414960012573,-0.10656770718231484,1
795,1.3095256128032977,-0.26533382994903604,1
796,-0.17129469252673968,-0.5954821835632602,1
797,0.864120870130427,-0.8024498074511928,1
798,1.3299340178874808,-0.46293124604689345,1
799,0.2912399207519216,-0.8465449464913262,1
800,-0.12213168450238532,-0.400846070896901,1
801,1.2546953942450054,-0.5907384128615174,1
802,-0.429302523049223,-0.36231406327649934,1
803,-0.5609454377207928,-0.04589688073040171,1
804,0.24811346397528378,-0.5973767084386366,1
805,-0.005552535359473532,-0.6613290358062536,1
806,1.4700924598040606,0.038294325801810525,1
807,-0.3299344480008697,0.056549663869159356,1
808,0.7996946621262349,-0.6532745465619436,1
809,-0.4680391836542799,-0.0359454266316363,1
810,0.2271631434873832,-0.8769796180126992,1
811,1.410755175701336,0.1867836646168677,1
812,1.6334804577812088,0.06207980594550053,1
813,-0.057132501529743474,-0.6753525028985643,1
814,0.2814491205110332,-0.8957065579899999,1
815,1.5054789266165143,0.1159945549408373,1
816,-0.20592418903419485,-0.5355449814077946,1
817,-0.4528096413185748,-0.27741941614693605,1
818,0.5132325090854619,-0.9756706117088931,1
819,0.6091497797167661,-0.8107108343725762,1
820,1.5308306430187693,0.18227386392517628,1
821,-0.3299394640036004,-0.4578738913435006,1
822,1.0624081032306636,-0.7558813918361773,1
823,-0.2753054590171633,-0.11045404427575639,1
824,0.8983774339058199,-0.7454339590749806,1
825,0.2944234634072541,-0.7914693938631521,1
826,1.2751729981323985,-0.6811667324385806,1
827,1.3905190072194782,-0.2917124791276988,1
828,-0.2657688045878306,-0.4544116179252852,1
829,0.5127176698890764,-0.9872650301008425,1
830,0.3855943124207236,-0.7936661962300107,1
831,-0.3806138630485757,0.10394393062207528,1
832,-0.3960631197519887,0.09702532512814764,1
833,-0.2607111466851687,-0.1707675578829882,1
834,1.1652591401133947,-0.2448424214289171,1
835,0.2102597007866156,-0.7495299299190752,1
836,-0.5393440186925613,-0.21851890739436564,1
837,0.925582083020676,-0.8225717798040639,1
838,1.2751015598526374,-0.05482708285480259,1
839,-0.36764150317661115,-0.3858195497255594,1
840,0.5500306503398125,-0.6723092538528732,1
841,0.2628767840187083,-0.9561287161274246,1
842,-0.3783275904999631,0.15067816424875674,1
843,0.14693846786210835,-0.8082950603282899,1
844,0.7216473485119035,-0.7229643235948442,1
845,0.926543274003724,-0.785550554854324,1
846,0.7520338717848718,-0.7519904435677844,1
847,1.5406258768985748,-0.20597072083364337,1
848,-0.22572111769124426,-0.3457766572502507,1
849,-0.5196169013156378,-0.3701007427489506,1
850,1.1391826647063703,-0.5947409896246358,1
851,1.1450024807923027,-0.7104099724531017,1
852,-0.5604481691345036,-0.24185272851965167,1
853,1.6962096736489596,0.10974865412364375,1
854,0.44187196103896387,-0.7032041095797288,1
855,0.6061798762182321,-0.7264123081744138,1
856,-0.015566070081464378,-0.5579829132416281,1
857,1.3032767750715983,-0.2528172792180077,1
858,-0.030576218770065222,-0.7079893552829581,1
859,0.9523577526611297,-0.9091395232900354,1
860,0.06394143407818365,-0.9144843636231117,1
861,1.5220892801332935,0.07057014051443977,1
862,0.6286982657589935,-0.865203513232268,1
863,0.4195105852168993,-0.9495642170271128,1
864,1.4204597751493273,-0.5342346825742119,1
865,1.311313185264546,-0.1806040163733582,1
866,1.3554365610025902,-0.37537959057827536,1
867,1.0375306814391134,-0.8086279840658857,1
868,1.3963319938764727,-0.08133719636958853,1
869,-0.4823072358513486,0.035927673331374144,1
870,0.8514575513758684,-0.942354791993488,1
871,-0.48618605934129144,-0.47488844540234326,1
872,-0.664511891760005,0.10620499713908,1
873,1.5946427323153123,-0.08375335143697177,1
874,0.07582141979624724,-0.6218131981628021,1
875,-0.37070741512231675,-0.1722212467132465,1
876,0.07504927305585118,-0.7472291975195546,1
877,0.7307184863152639,-0.817541586237144,1
878,0.7195598910984228,-0.7980960423258388,1
879,1.5652602487462,0.07934832626843023,1
880,0.3933363817445727,-0.7773849245036735,1
881,-0.6130271412529245,0.17741884221815543,1
882,-0.44428000745164375,0.07681230292838453,1
883,1.4434241701840451,0.07961547994186369,1
884,-0.0188449909777888,-0.4874450122378667,1
885,1.018758180949125,-0.5223985864614427,1
886,-0.5961395097265689,-0.14481136633452707,1
887,1.4884995510131953,0.05895210561279354,1
888,-0.388465180562665,0.018550689805614667,1
889,-0.4744520397466875,-0.34581691275685994,1
890,1.4706497983085802,-0.17553144967765372,1
891,1.2962363313256242,0.04856514992992603,1
892,-0.3204559067981083,-0.2689789663401399,1
893,1.2803344466135003,-0.215546965246379,1
894,0.3819166548569372,-0.872732311616508,1
895,-0.39507684579096614,-0.042615483086090755,1
896,0.32505377707849126,-0.6132350474822472,1
897,0.7623872961336622,-0.5842836847632376,1
898,0.6807091008359086,-0.8357248955403407,1
899,1.2949017098403797,0.04028138412785787,1
900,-0.6429624385094528,0.08743644166340449,1
901,0.9899157892864708,-0.5240857786296005,1
902,1.3785406164319398,-0.39449091955700294,1
903,1.121347053867015,-0.5808189681734028,1
904,-0.4908973691147087,0.08862845575699851,1
905,1.2987576687976983,-0.043770179523467206,1
906,-0.5353659676094782,-0.2584965793611351,1
907,-0.2070590387093837,-0.7243968323084866,1
908,-0.1933433687572842,-0.2099857398833324,1
909,-0.3822716268782893,0.13306632414672778,1
910,-0.5268970909404243,-0.355522920908289,1
911,-0.5226425548853066,0.016160137136421837,1
912,1.303393052382596,-0.13851331728891147,1
913,-0.2175870293114518,-0.3360048670033628,1
914,0.34545214617375974,-0.8696279522653634,1
915,0.34954846760542374,-0.8941744806920067,1
916,-0.5051840231422453,-0.13037331381865291,1
917,-0.6796365898956249,0.09523254460739096,1
918,-0.11049788897616819,-0.6139675733621479,1
919,0.5502639861134199,-0.7368516752474807,1
920,0.6380127937682316,-0.8013684620243064,1
921,0.8366629316101952,-0.7024362057303097,1
922,0.8813299671346607,-0.6210482143606595,1
923,0.7749991136108072,-0.5753361122670493,1
924,1.4221743319820286,-0.06714134140113714,1
925,1.5672253541003978,-0.06487265191611302,1
926,-0.12326246287538978,-0.31603696056644875,1
927,0.6678763068374184,-0.7814073344780834,1
928,-0.5494227591452514,-0.0322054989612911,1
929,0.13321920418137245,-0.7968927400468415,1
930,1.6162338164739183,0.07614195354744421,1
931,1.4989062749029405,-0.33907515847734,1
932,1.3777186918250777,-0.46255154875404575,1
933,-0.3473780832940223,0.13528106251839103,1
934,1.2808012885089104,-0.4405991750434229,1
935,0.447574060879536,-0.8582893209786369,1
936,-0.3962552147015227,0.0178478076775119,1
937,-0.3188937164603285,0.14122470536685905,1
938,1.1666947075044471,-0.4118745162910426,1
939,1.4900507912826264,0.04600340241824685,1
940,1.372938525963605,-0.2572992293150832,1
941,1.3664945070287065,0.025297812404055625,1
942,1.432410514238864,-0.45585293098652185,1
943,0.24884370575881043,-0.9478108950747997,1
944,-0.36138719379335393,-0.043085905825457516,1
945,0.3627736233371582,-0.9682582137531777,1
946,0.18813285068271846,-0.5463428491764741,1
947,1.4463026360816438,-0.4960469086997575,1
948,-0.4590434389388178,-0.4941028124803502,1
949,0.20850308793583844,-0.5514459665669906,1
950,-0.5178975703677873,-0.2629254515154185,1
951,-0.6746901854822183,0.00956831621910681,1
952,1.0372105953291098,-0.8373651966980415,1
953,1.6423324004899933,-0.1341329312530269,1
954,1.2883584296988564,-0.4773107048326231,1
955,0.6626361689133234,-0.6222374282830403,1
956,-0.6321598861875528,0.004947826590380372,1
957,0.8967507130527105,-0.7867377951306898,1
958,-0.29971672390714976,-0.5015999977578729,1
959,0.3748533117918359,-0.7788468696979509,1
960,1.3795334956514798,-0.3691172210045796,1
961,0.9663002120297672,-0.5385309306521195,1
962,-0.013762207664236858,-0.7838010038767442,1
963,0.0676627605829479,-0.5163088421166364,1
964,0.7251542762090579,-0.883111335708296,1
965,1.3647692425247178,-0.5558815352177275,1
966,-0.1477726599415139,-0.5735408994254192,1
967,1.3829399994799187,-0.31795873403586944,1
968,-0.42466898293796806,0.013563173353207059,1
969,1.4884236979429843,-0.4622578503311123,1
970,1.5451317087231442,-0.16633221407498056,1
971,0.5071464163473838,-0.7670262516465962,1
972,0.4457975343995971,-0.6814238490699247,1
973,0.47675680010349397,-0.7028418618009713,1
974,0.6987524816107271,-0.7857156181889471,1
975,-0.6805442998238536,0.18076782890890053,1
976,0.5477340745885142,-0.9068145891394424,1
977,0.5623890629152706,-0.6990565073296975,1
978,0.7803531305598755,-0.9176095154034776,1
979,1.4495389840329223,-0.0023268054645029235,1
980,0.1690570470427295,-0.9008426354797208,1
981,1.188605724746822,-0.39931780737002004,1
982,0.05365791855718571,-0.7673196141308984,1
983,1.6603473622721523,0.01310326559010111,1
984,-0.41838159889474336,0.14623713056606685,1
985,0.6062473506927284,-0.8876822941187652,1
986,-0.6334130137877687,-0.18108402766613307,1
987,0.5668878101266136,-0.669485279145581,1
988,1.3279459589980682,0.04116888988831871,1
989,-0.4209489883857237,-0.3755077017270623,1
990,0.0713569146281508,-0.6532607242584918,1
991,-0.14620037666785035,-0.3286025492632451,1
992,0.7260041921548208,-0.7844625942286128,1
993,0.03184475341401416,-0.8118533534110461,1
994,-0.3382846024432645,-0.20666552059240145,1
995,0.11862868068189475,-0.6732659496428768,1
996,1.0283730648213671,-0.8185192314771739,1
997,-0.002213315849976638,-0.6965708645679727,1
998,-0.08929247182085809,-0.7833208823677247,1
999,-0.4909099456631607,0.07667492833653118,1
